{
    "Altitude [km]": 33.4,
    "Density [kg/m^3]": 0.010864279396722926,
    "Dynamic Viscosity [Ns/m^2]": 1.5051532347594733e-05,
    "Mach": 5.0,
    "Number of Points": 800,
    "Optimization Parameter": "L/D",
    "Planes": 80,
    "Pressure [Pa]": 723.7741536850451,
    "Temperature [K]": 232.0811914150587,
    "Type of Problem": "Maximization",
    "Viscous Method": "Ref. Temperature"
}